parent_content,url,domain_platform,purpose,title_label,status_if_checked
"Other sites to visit","https://www.villageharmony.org/","villageharmony.org","World music camp & publishing resource","Village Harmony","200 OK"
"Other sites to visit","https://libana.com/home","libana.com","Women's world music vocal ensemble","Libana","200 OK"
"Other sites to visit","https://read.amazon.com/kp/card?asin=0981811523","amazon.com","Balkan songbook by Jane Peppler","The Laduvane Songbook (Amazon iframe)","200 OK"
"About page","http://wordpress.com/","wordpress.com","Platform link in default footer","WordPress.com","200 OK"
"Jari ya Hamouda","https://www.youtube.com/watch?v=wQFkHFd0olQ","youtube.com","Embedded performance video","YouTube: wQFkHFd0olQ","Active"
"Dilmano, Dilbero","https://www.youtube.com/watch?v=qvC4cxaITCI","youtube.com","Embedded performance video","YouTube: qvC4cxaITCI","Active"
"Molih Ta","https://www.youtube.com/watch?v=IGZpU12vYbM","youtube.com","Embedded performance video","YouTube: IGZpU12vYbM","Active"
"Kangding Love Song","https://www.youtube.com/watch?v=-ERdh0KjWtQ","youtube.com","Embedded performance video","YouTube: -ERdh0KjWtQ","Active"
"Pjevaj mi, pjevaj, sokole","https://www.youtube.com/watch?v=km4tsKmycEI","youtube.com","Embedded performance video","YouTube: km4tsKmycEI","Active"
"Zaspo Janko","https://www.youtube.com/watch?v=3fMAj5-_nDU","youtube.com","Embedded performance video","YouTube: 3fMAj5-_nDU","Active"
"Leppiäinen","https://www.youtube.com/watch?v=UZlK3KXQGrI","youtube.com","Embedded performance video","YouTube: UZlK3KXQGrI","Active"
"Suliko","https://www.youtube.com/watch?v=-jcDXDHoNGs","youtube.com","Embedded performance video","YouTube: -jcDXDHoNGs","Active"
"Nach Re Mora","https://www.youtube.com/watch?v=KWxmQPFPSoo","youtube.com","Embedded performance video","YouTube: KWxmQPFPSoo","Active"
"Raghupati Raghav Raja Ram","https://www.youtube.com/watch?v=yEyvAZOvADw","youtube.com","Embedded performance video","YouTube: yEyvAZOvADw","Active"
"Dokhtare Boyer Ahmadi","https://www.youtube.com/watch?v=eNAx3da4NJY","youtube.com","Embedded performance video","YouTube: eNAx3da4NJY","Active"
"Mastoom, Mastoom","https://www.youtube.com/watch?v=UdB-fFxyoAo","youtube.com","Embedded performance video","YouTube: UdB-fFxyoAo","Active"
"Jovano, Jovanke","https://www.youtube.com/watch?v=mtr13HXLdZA","youtube.com","Embedded performance video","YouTube: mtr13HXLdZA","Active"
"Što mi e milo","https://www.youtube.com/watch?v=zsmQXBx6vPQ","youtube.com","Embedded performance video","YouTube: zsmQXBx6vPQ","Active"
"Odunday","https://www.youtube.com/watch?v=Ql6Kt-HJnk0","youtube.com","Embedded performance video","YouTube: Ql6Kt-HJnk0","Active"
"Lab Pe Aati Hai Dua","https://www.youtube.com/watch?v=EaKrUXYloaM","youtube.com","Embedded performance video","YouTube: EaKrUXYloaM","Active"
"Son Borinqueño","https://www.youtube.com/watch?v=ch4e9wwh1-w","youtube.com","Embedded performance video","YouTube: ch4e9wwh1-w","Active"
"Ajde Jano","https://www.youtube.com/watch?v=Z-IBnZ8eaDM","youtube.com","Embedded performance video","YouTube: Z-IBnZ8eaDM","Active"
"Šetnja","https://www.youtube.com/watch?v=qlf9EdxXBsc","youtube.com","Embedded performance video","YouTube: qlf9EdxXBsc","Active"
"Ga Gona Ya Tswanang Le Jesu","https://www.youtube.com/watch?v=24iRN1LRAR0","youtube.com","Embedded performance video","YouTube: 24iRN1LRAR0","Active"
"Abun d’Bashmayo","https://www.youtube.com/watch?v=QqLZr11JhMM","youtube.com","Embedded performance video","YouTube: QqLZr11JhMM","Active"
"Tevhid Etsin Dilimiz","https://www.youtube.com/watch?v=vDaCbepPVkw","youtube.com","Embedded performance video","YouTube: vDaCbepPVkw","Active"
