song,alternate_title,country,region,language,original_url,video,lyrics,transliteration,translation,pronunciation,notation,chords,audio,harmony_parts,contextual_notes,downloadable_files,comments_notes
Jari ya Hamouda,My Neighbor Hamouda; Jari ya Hamouda...Hamouda,Tunisia,Africa,Tunisian Arabic,https://chrisgaca.wordpress.com/2012/08/31/jari-ya-hamouda/,yes,yes,yes,yes,yes,no,no,no,unknown,yes,jari-ya-hamouda-v2.doc,World Music Chorus collection / Tunisian traditional
"Dilmano, Dilbero",Dilmano Dilbero,Bulgaria,Europe,Bulgarian,https://chrisgaca.wordpress.com/2012/07/18/dilmano-dilbero/,yes,yes,yes,yes,yes,no,no,no,unknown,yes,dilmano-dilbero.doc,Traditional Bulgarian
Molih Ta,Molih ta majko; Molih Ta (Bulgaria),Bulgaria,Europe,Bulgarian,https://chrisgaca.wordpress.com/2012/10/01/molih-ta/,yes,no,yes,no,yes,no,no,no,unknown,yes,none,Arranged by Philip Kotev; performance at Utica Unspoken Human Rights conference
Kangding Love Song,Kan Ding; Kan Ding Qing Ge; Kang Ding Love Song,China,Asia,Mandarin Chinese,https://chrisgaca.wordpress.com/2011/01/03/kan-ding/,yes,yes,yes,no,yes,no,no,no,unknown,yes,kang-ding-love-song.doc,Taught by Katrina Schell; traditional Sichuan/Tibetan border folk song
"Pjevaj mi, pjevaj, sokole",Pje vaj mi pje vaj; Licko Kolo; Ličko kolo; Pjevaj mi pjevaj (Licko Kolo),Croatia,Europe,Croatian,https://chrisgaca.wordpress.com/2011/01/03/pje-vaj-mi-pje-vaj/,yes,yes,yes,no,yes,no,no,no,unknown,yes,pje-vaj-mi-pje-vaj.doc,Taught by Ethel Raim at East Hill Farm
Zaspo Janko,Zaspo Janko pod jablanom,Croatia,Europe,Croatian,https://chrisgaca.wordpress.com/2011/01/07/zaspo-janko/,yes,no,yes,no,yes,no,no,no,unknown,yes,none,Traditional Croatian
Leppiäinen,Leppiainen; Leppic3a4inen; Leppiäinen from Värttinä,Finland,Europe,Finnish,https://chrisgaca.wordpress.com/2011/06/13/leppiainen-from-varttina/,yes,yes,yes,no,yes,no,no,no,unknown,yes,leppic3a4inen-vaartina.doc,Kim: Wow! Very folksy and energetic! I love their music style! Varttina means &#8220;spindle&#8221; in Finnish&#8230;my brother&#8217;s guess is that they may have chosen that name to reflect the folk culture. I hope to be connecting with my brother tonight to get my first Finnish lesson!
Suliko,სულიკო; Sakvarlis saplavs vedzebdi,Georgia,Europe,Georgian,https://chrisgaca.wordpress.com/2011/03/14/suliko/,yes,yes,yes,no,yes,no,no,no,unknown,yes,suliko.doc,"Christal: I see a lot of interesting content on your blog. You have to spend a lot of time writing,
i know how to save you a lot of work, there is a tool that creates
unique, SEO friendly posts in couple of minutes, just type in google &#8211;
laranita&#8217;s free content source"
Nach Re Mora,"Nache re mora; Nach re mora, aambyachya vanaat; Indian children's song",India,Asia,Marathi,https://chrisgaca.wordpress.com/2011/01/03/nache-re-mora-indian-childrens-song/,yes,yes,yes,no,yes,no,no,no,unknown,yes,nach-re-mora.doc,Contributed by chorus member; lyrics by Vasant Bapat
Raghupati Raghav Raja Ram,Raghupati; Ragupati; Raghupati Raghav,India,Asia,Hindi / Sanskrit,https://chrisgaca.wordpress.com/2011/01/07/raghupati/,yes,yes,yes,yes,yes,no,no,no,yes,yes,raghupati.doc,Taught by Sunithi Bajekal; traditional Indian bhajan / UU Hymnal
Dokhtare Boyer Ahmadi,Doktare boyer ahmadi; Dokhtare Boyer-Ahmadi,Iran,Middle East,Luri / Persian,https://chrisgaca.wordpress.com/2011/01/07/doktare-boyer-ahmadi/,yes,yes,yes,no,yes,no,no,no,unknown,yes,dokhtare-boyer-ahmadi-v2.doc,Taught by Fereshteh Khosropour in December 2010
"Mastoom, Mastoom","Mastoom mastoom; Mastoom, mastoom (Iranian folk song)",Iran,Middle East,Persian,https://chrisgaca.wordpress.com/2011/01/03/mastoom-mastoom-iranian-folk-song/,yes,no,yes,no,yes,no,no,no,unknown,yes,none,Taught by Fereshteh Khosropour in December 2010
"Jovano, Jovanke","Jovano Jovanke; Jovano, Jovanke (Macedonia)",Macedonia,Europe,Macedonian,https://chrisgaca.wordpress.com/2022/05/25/jovano-jovanke/,yes,yes,yes,no,yes,yes,no,no,unknown,yes,jovano-jovanke-e.pdf; jovano.docx,Traditional Macedonian folk song; sheet music score engraved for chorus
Što mi e milo,Sto mi e milo; Shto mi-e mi-lo; Sto mi e milo em drago,Macedonia,Europe,Macedonian,https://chrisgaca.wordpress.com/2011/01/07/sto-mi-e-milo/,yes,yes,yes,no,yes,yes,no,no,unknown,yes,sto-mi-e-milo-sheetmusic.png; sto-mi-e-milo.doc,Chris Gaca Balkan Band repertoire; traditional Macedonian
Odunday,"Odunday (Nigeria); Odunday, Odunday",Nigeria,Africa,Yoruba,https://chrisgaca.wordpress.com/2011/01/03/odunday-nigeria/,yes,yes,yes,yes,yes,no,no,no,unknown,yes,odunday.doc,"Taught by Bill and Livia Vanaver at Omega Institute, June 2009"
Lab Pe Aati Hai Dua,Lab pe ati; Urdu Prayer; Bachche Ki Dua,Pakistan,Asia,Urdu,https://chrisgaca.wordpress.com/2011/03/01/lab-pe-ati/,yes,yes,yes,yes,yes,no,no,no,unknown,yes,urdu-prayer21.doc,Poem by Muhammad Iqbal (1902); traditional Urdu school prayer
Son Borinqueño,Son borinqueno; Canta mi pueblo,Puerto Rico,Latin America & Caribbean,Spanish,https://chrisgaca.wordpress.com/2011/01/07/son-borinqueno/,yes,yes,yes,no,yes,no,no,no,unknown,yes,son-borinqueno.doc,Introduced by Lucia Sweetland from Syracuse Community Choir
Ajde Jano,"Ajde jano; Ajde Jano, kolo da igramo",Serbia,Europe,Serbian,https://chrisgaca.wordpress.com/2022/05/30/ajde-jano/,yes,no,yes,no,yes,yes,no,no,unknown,yes,ajde-jano-sheetmusic.png,Traditional Serbian folk song & dance
Šetnja,Setjna; Setnja,Serbia,Europe,Serbian,https://chrisgaca.wordpress.com/2022/05/25/setjna/,yes,no,yes,no,yes,yes,no,no,unknown,yes,setnja.pdf,Taught by Steve Ellner; traditional Serbian folk dance
Ga Gona Ya Tswanang Le Jesu,Ga gona ya tswang le Jesu; Ga Gona Ya Tshwanang Le Jesu,South Africa,Africa,Sesotho / Setswana,https://chrisgaca.wordpress.com/2013/08/30/ga-gona-ya-tswanang-le-jesu/,yes,yes,yes,no,yes,no,no,no,unknown,yes,none,Taught by Patty Cuyler at Village Harmony workshop
Abun d’Bashmayo,Abun dbashmayo; Abun d'bashmayo; The Lord's Prayer in Syriac-Aramaic,Syria,Middle East,Syriac Aramaic,https://chrisgaca.wordpress.com/2011/02/18/abun-dbashmayo/,yes,yes,yes,yes,yes,no,no,no,unknown,yes,abun-d.doc,Ancient Syriac Christian liturgical tradition
Tevhid Etsin Dilimiz,Tehvid etsin dilimiz; Tehvid Etsin Dilimiz; Tev-hid Et-sin Dil-i-miz,Turkey,Middle East,Turkish,https://chrisgaca.wordpress.com/2011/05/02/tehvid-etsin-dilimiz/,yes,yes,yes,yes,yes,no,no,no,unknown,yes,tehvid-etsin-dilimiz.doc,Traditional Turkish Sufi ilahi
